{"parameters/graph_3fc2.bias":{"values":[1,0,0,0,0,0,0,0,0,1,0,0,0,1,0,0,0,1,0,1,0,0,0,0,0,0,1,1,0,0,0,0,0,0,0,0,0,0,0,0,0,0,0,0,0,0,0,0,0,0,0,0,0,0,0,0,0,0,0,0,0,0,0,1],"bins":[-0.2506377696990967,-0.23986510932445526,-0.22909244894981384,-0.21831977367401123,-0.207547128200531,-0.1967744529247284,-0.18600179255008698,-0.17522913217544556,-0.16445647180080414,-0.15368381142616272,-0.1429111510515213,-0.13213849067687988,-0.12136581540107727,-0.11059315502643585,-0.09982049465179443,-0.08904783427715302,-0.0782751739025116,-0.06750251352787018,-0.05672985315322876,-0.04595719277858734,-0.03518453240394592,-0.02441185712814331,-0.013639196753501892,-0.0028665363788604736,0.007906138896942139,0.018678784370422363,0.029451459646224976,0.0402241051197052,0.05099678039550781,0.06176942586898804,0.07254210114479065,0.08331474661827087,0.0940873920917511,0.10486006736755371,0.11563271284103394,0.12640538811683655,0.13717803359031677,0.14795070886611938,0.1587233543395996,0.16949602961540222,0.18026867508888245,0.19104135036468506,0.20181401073932648,0.2125866711139679,0.2233593463897705,0.23413200676441193,0.24490466713905334,0.25567734241485596,0.2664499878883362,0.2772226333618164,0.287995308637619,0.29876798391342163,0.30954062938690186,0.32031330466270447,0.3310859799385071,0.3418586254119873,0.35263127088546753,0.36340394616127014,0.37417662143707275,0.384949266910553,0.3957219421863556,0.4064945876598358,0.4172672629356384,0.42803990840911865,0.43881258368492126],"_type":"histogram"},"gradients/graph_3fc2.bias":{"bins":[-0.0006031765369698405,-0.0005903839482925832,-0.0005775913596153259,-0.0005647987127304077,-0.0005520061240531504,-0.0005392135353758931,-0.0005264209466986358,-0.0005136283580213785,-0.0005008357111364603,-0.000488043122459203,-0.0004752505337819457,-0.00046245791600085795,-0.00044966532732360065,-0.0004368727095425129,-0.0004240801208652556,-0.0004112875321879983,-0.00039849491440691054,-0.0003857022966258228,-0.0003729097079485655,-0.0003601171192713082,-0.00034732450149022043,-0.00033453191281296313,-0.00032173929503187537,-0.00030894670635461807,-0.0002961541176773608,-0.000283361499896273,-0.0002705689112190157,-0.00025777629343792796,-0.00024498370476067066,-0.0002321910869795829,-0.0002193984983023256,-0.00020660588052123785,-0.00019381329184398055,-0.00018102070316672325,-0.0001682280853856355,-0.0001554354967083782,-0.00014264287892729044,-0.00012985029025003314,-0.00011705767246894538,-0.00010426508379168808,-9.147246601060033e-05,-7.867987733334303e-05,-6.588728865608573e-05,-5.3094670874997973e-05,-4.0302082197740674e-05,-2.7509478968568146e-05,-1.4716875739395618e-05,-1.9242725102230906e-06,1.0868330718949437e-05,2.3660933948121965e-05,3.645353717729449e-05,4.924614040646702e-05,6.203874363563955e-05,7.483133231289685e-05,8.762393554206938e-05,0.0001004165387712419,0.00011320914200041443,0.00012600174522958696,0.0001387943484587595,0.00015158695168793201,0.00016437954036518931,0.00017717215814627707,0.00018996474682353437,0.0002027573500527069,0.00021554995328187943],"_type":"histogram","values":[1,0,0,0,0,0,0,0,0,0,0,0,0,0,0,0,0,0,0,0,0,0,0,0,0,0,0,0,0,0,0,0,0,0,0,0,0,0,0,0,0,0,0,0,0,0,0,0,0,0,0,0,1,0,0,1,1,1,0,0,0,0,1,2]},"parameters/graph_3fc2.weight":{"_type":"histogram","values":[1,0,0,0,0,0,0,0,0,0,0,0,0,0,0,0,0,0,2,0,0,0,0,0,1,1,0,0,0,0,0,0,0,0,0,1,1,0,3,2,3,6,4,1,3,5,5,7,6,8,3,9,8,16,11,10,3,3,1,0,1,2,0,1],"bins":[-2.6107475757598877,-2.555310010910034,-2.4998724460601807,-2.4444351196289062,-2.3889975547790527,-2.333559989929199,-2.2781224250793457,-2.2226850986480713,-2.1672475337982178,-2.1118099689483643,-2.0563724040985107,-2.0009350776672363,-1.9454975128173828,-1.8900599479675293,-1.8346223831176758,-1.7791849374771118,-1.7237474918365479,-1.6683099269866943,-1.6128723621368408,-1.5574349164962769,-1.5019973516464233,-1.4465599060058594,-1.3911223411560059,-1.335684895515442,-1.2802473306655884,-1.2248098850250244,-1.169372320175171,-1.113934874534607,-1.0584973096847534,-1.0030598640441895,-0.9476222991943359,-0.892184853553772,-0.8367473483085632,-0.7813097834587097,-0.7258723378181458,-0.6704347729682922,-0.6149973273277283,-0.5595597624778748,-0.5041223168373108,-0.4486847519874573,-0.3932473063468933,-0.3378097414970398,-0.28237229585647583,-0.22693473100662231,-0.17149728536605835,-0.11605972051620483,-0.060622215270996094,-0.0051847100257873535,0.05025279521942139,0.10569030046463013,0.16112780570983887,0.2165653109550476,0.27200281620025635,0.3274403214454651,0.38287782669067383,0.43831536173820496,0.4937528669834137,0.5491904020309448,0.6046278476715088,0.6600654125213623,0.715502917766571,0.7709404230117798,0.8263779282569885,0.8818154335021973,0.937252938747406]},"parameters/graph_3fc3.weight":{"_type":"histogram","values":[2,1,1,0,0,1,1,0,0,0,1,0,0,0,0,0,0,0,0,0,0,0,0,0,0,0,0,0,0,0,0,0,0,0,0,0,0,0,0,0,0,0,0,0,0,0,0,0,0,0,0,0,0,0,0,0,0,0,0,0,0,0,0,1],"bins":[-0.5555235147476196,-0.5249091982841492,-0.4942949414253235,-0.463680624961853,-0.43306633830070496,-0.4024520516395569,-0.3718377649784088,-0.34122347831726074,-0.3106091618537903,-0.2799948751926422,-0.24938058853149414,-0.21876630187034607,-0.188152015209198,-0.15753772854804993,-0.12692341208457947,-0.0963091254234314,-0.06569483876228333,-0.035080552101135254,-0.004466235637664795,0.02614802122116089,0.05676233768463135,0.08737659454345703,0.11799091100692749,0.14860522747039795,0.17921948432922363,0.2098338007926941,0.24044805765151978,0.27106237411499023,0.3016766905784607,0.3322909474372864,0.36290526390075684,0.3935195207595825,0.424133837223053,0.45474815368652344,0.4853624105453491,0.5159767270088196,0.5465909838676453,0.5772053003311157,0.6078196167945862,0.6384338736534119,0.6690481901168823,0.699662446975708,0.7302767634391785,0.7608910799026489,0.7915053367614746,0.8221196532249451,0.8527339100837708,0.8833482265472412,0.9139624834060669,0.9445767998695374,0.9751911163330078,1.0058053731918335,1.0364196300506592,1.0670340061187744,1.0976482629776,1.1282625198364258,1.158876895904541,1.1894911527633667,1.2201054096221924,1.2507197856903076,1.2813340425491333,1.311948299407959,1.3425625562667847,1.3731769323349,1.4037911891937256]},"gradients/graph_3fc1.weight":{"_type":"histogram","values":[1,0,0,0,0,0,0,3,1,0,2,0,0,1,1,1,2,0,3,6,2,6,2,9,11,7,3,9,8,5,5,4,3,5,2,1,4,1,2,1,1,3,0,3,1,1,0,1,0,1,1,2,0,1,1,0,0,0,0,0,0,0,0,1],"bins":[-0.0007346554775722325,-0.000705663813278079,-0.0006766722071915865,-0.000647680542897433,-0.0006186888786032796,-0.000589697272516787,-0.0005607056082226336,-0.0005317139439284801,-0.0005027223378419876,-0.0004737307026516646,-0.0004447390674613416,-0.00041574740316718817,-0.00038675576797686517,-0.0003577641327865422,-0.0003287724684923887,-0.00029978083330206573,-0.00027078919811174273,-0.00024179753381758928,-0.00021280592773109674,-0.0001838142634369433,-0.00015482265735045075,-0.0001258309930562973,-9.683932876214385e-05,-6.784772267565131e-05,-3.885605838149786e-05,-9.864394087344408e-06,1.912721199914813e-05,4.811887629330158e-05,7.711054058745503e-05,0.00010610214667394757,0.00013509381096810102,0.00016408541705459356,0.00019307713955640793,0.00022206880385056138,0.0002510604099370539,0.00028005207423120737,0.0003090436803176999,0.00033803534461185336,0.0003670270089060068,0.00039601861499249935,0.0004250102792866528,0.00045400194358080626,0.0004829935496672988,0.0005119852139614522,0.0005409768782556057,0.0005699684843420982,0.0005989601486362517,0.0006279517547227442,0.0006569434190168977,0.0006859350251033902,0.0007149266893975437,0.0007439183536916971,0.0007729099597781897,0.0008019016240723431,0.0008308932883664966,0.0008598848944529891,0.0008888765587471426,0.000917868223041296,0.0009468598291277885,0.000975851493421942,0.0010048431577160954,0.001033834763802588,0.0010628263698890805,0.0010918180923908949,0.0011208096984773874]},"_step":5000,"_wandb":{"runtime":14},