{"acc":0.8082182664025244,"loss":0.14396244784011752,"_timestamp":1.7615159531483526e+09,"_step":7,"_wandb":{"runtime":1},"_runtime":1}