{"acc":0.8446788506770586,"loss":0.1661389437954215,"_timestamp":1.7615166534820082e+09,"_step":7,"_wandb":{"runtime":0},"_runtime":0}