{"_runtime":20,"parameters/fc3.bias":{"_type":"histogram","values":[1],"bins":[0.3144616484642029,0.3144616484642029]},"train_loss":0.5144012570381165,"_timestamp":1.7626065106646786e+09,"_wandb":{"runtime":20},"parameters/fc2.bias":{"_type":"histogram","values":[1,0,0,0,1,0,0,0,0,0,0,0,0,0,0,0,1,0,0,1,0,0,0,0,0,0,0,0,0,1,0,0,1,0,0,0,0,0,0,0,0,0,0,0,0,0,0,0,0,0,0,0,0,1,0,0,0,0,0,0,0,0,0,1],"bins":[-0.5022699236869812,-0.4782125949859619,-0.4541552662849426,-0.4300979673862457,-0.40604063868522644,-0.38198330998420715,-0.35792601108551025,-0.33386868238449097,-0.3098113536834717,-0.2857540249824524,-0.2616966962814331,-0.2376393973827362,-0.21358206868171692,-0.18952473998069763,-0.16546744108200073,-0.14141011238098145,-0.11735278367996216,-0.09329545497894287,-0.06923812627792358,-0.045180827379226685,-0.021123498678207397,0.002933800220489502,0.02699112892150879,0.051048457622528076,0.07510578632354736,0.09916311502456665,0.12322044372558594,0.14727777242660522,0.17133504152297974,0.19539237022399902,0.2194496989250183,0.2435070276260376,0.26756441593170166,0.29162174463272095,0.31567907333374023,0.3397364020347595,0.3637937307357788,0.3878509998321533,0.4119083285331726,0.4359656572341919,0.4600229859352112,0.48408031463623047,0.5081376433372498,0.532194972038269,0.5562522411346436,0.5803096294403076,0.6043668985366821,0.6284242272377014,0.6524815559387207,0.67653888463974,0.7005962133407593,0.7246534824371338,0.7487108707427979,0.7727681398391724,0.7968254685401917,0.8208827972412109,0.8449401259422302,0.8689974546432495,0.8930547833442688,0.9171121120452881,0.9411693811416626,0.9652267098426819,0.9892840385437012,1.0133414268493652,1.0373986959457397]},"train_accuracy":0.7381378692927484,"gradients/fc3.weight":{"_type":"histogram","values":[1,0,0,0,0,0,1,0,0,0,0,0,0,0,0,0,0,0,0,0,0,0,0,0,0,0,0,0,0,0,0,0,0,0,0,0,1,0,0,0,0,0,0,0,0,0,0,1,0,1,0,0,0,0,0,0,0,0,0,1,1,0,0,1],"bins":[-0.006777944974601269,-0.00667203962802887,-0.0065661342814564705,-0.006460228934884071,-0.006354323588311672,-0.006248418241739273,-0.006142512895166874,-0.0060366070829331875,-0.005930701736360788,-0.005824796389788389,-0.00571889104321599,-0.005612985696643591,-0.005507080350071192,-0.005401175003498793,-0.0052952696569263935,-0.005189363844692707,-0.005083458498120308,-0.004977553151547909,-0.00487164780497551,-0.0047657424584031105,-0.004659837111830711,-0.004553931765258312,-0.004448026418685913,-0.004342121072113514,-0.004236215725541115,-0.004130310378968716,-0.0040244050323963165,-0.003918499685823917,-0.0038125941064208746,-0.0037066887598484755,-0.0036007831804454327,-0.0034948778338730335,-0.0033889724873006344,-0.0032830671407282352,-0.003177161794155836,-0.0030712562147527933,-0.002965350868180394,-0.002859445521607995,-0.002753540175035596,-0.0026476348284631968,-0.002541729249060154,-0.002435823902487755,-0.0023299185559153557,-0.0022240132093429565,-0.0021181078627705574,-0.0020122025161981583,-0.0019062970532104373,-0.0018003915902227163,-0.0016944862436503172,-0.001588580897077918,-0.001482675434090197,-0.001376770087517798,-0.001270864624530077,-0.0011649592779576778,-0.0010590539313852787,-0.0009531485266052186,-0.0008472431218251586,-0.0007413377170450985,-0.0006354323122650385,-0.0005295269656926394,-0.0004236215609125793,-0.00031771615613251925,-0.00021181078045628965,-0.00010590539022814482,0]},"parameters/fc3.weight":{"_type":"histogram","values":[1,0,0,0,0,0,0,0,0,0,0,0,0,0,0,0,0,0,0,0,0,0,0,0,0,0,0,1,0,0,0,0,0,1,1,1,0,0,0,0,0,0,0,0,0,0,1,0,0,0,0,0,0,0,0,0,0,0,1,0,0,0,0,1],"bins":[-3.0132832527160645,-2.95265531539917,-2.8920273780822754,-2.831399440765381,-2.7707715034484863,-2.710143566131592,-2.6495156288146973,-2.5888876914978027,-2.528259754180908,-2.4676318168640137,-2.407003879547119,-2.3463759422302246,-2.28574800491333,-2.2251200675964355,-2.164491891860962,-2.1038639545440674,-2.043236017227173,-1.9826080799102783,-1.9219801425933838,-1.8613522052764893,-1.8007242679595947,-1.7400963306427002,-1.6794683933258057,-1.6188404560089111,-1.5582125186920166,-1.497584581375122,-1.4369566440582275,-1.3763285875320435,-1.315700650215149,-1.2550727128982544,-1.1944447755813599,-1.1338168382644653,-1.0731890201568604,-1.0125610828399658,-0.9519330859184265,-0.891305148601532,-0.8306772112846375,-0.7700492739677429,-0.7094212174415588,-0.6487932801246643,-0.5881653428077698,-0.5275374054908752,-0.4669094681739807,-0.4062815308570862,-0.34565359354019165,-0.2850256562232971,-0.2243977189064026,-0.16376978158950806,-0.10314178466796875,-0.04251384735107422,0.018114089965820312,0.07874208688735962,0.13937002420425415,0.19999796152114868,0.2606258988380432,0.32125383615493774,0.38188180327415466,0.4425097405910492,0.5031377077102661,0.5637656450271606,0.6243935823440552,0.6850215196609497,0.745649516582489,0.8062774538993835,0.8669053912162781]},"gradients/fc1.bias":{"values":[1,0,0,0,0,0,0,0,0,0,0,1,0,0,0,1,0,0,0,0,0,0,1,0,0,2,0,0,0,0,0,0,2,0,0,0,0,0,0,0,2,0,1,2,0,0,0,0,0,0,0,1,1,0,0,0,0,0,0,0,0,0,0,1],"bins":[-0.0037535212468355894,-0.003647221950814128,-0.0035409226547926664,-0.0034346231259405613,-0.0033283238299191,-0.0032220245338976383,-0.003115725237876177,-0.0030094259418547153,-0.002903126645833254,-0.0027968271169811487,-0.0026905278209596872,-0.0025842285249382257,-0.0024779292289167643,-0.002371629700064659,-0.0022653304040431976,-0.002159031108021736,-0.0020527318120002747,-0.0019464325159788132,-0.0018401331035420299,-0.0017338336911052465,-0.001627534395083785,-0.0015212350990623236,-0.001414935803040862,-0.0013086365070194006,-0.0012023372109979391,-0.001096037682145834,-0.0009897383861243725,-0.000883439090102911,-0.0007771397940814495,-0.000670840498059988,-0.0005645409692078829,-0.0004582416731864214,-0.00035194214433431625,-0.00024564284831285477,-0.00013934355229139328,-3.304402343928814e-05,7.325527258217335e-05,0.00017955456860363483,0.0002858538646250963,0.0003921531606465578,0.000498452689498663,0.0006047519855201244,0.0007110512815415859,0.0008173505775630474,0.0009236498735845089,0.0010299491696059704,0.0011362485820427537,0.001242547994479537,0.0013488472905009985,0.00145514658652246,0.0015614459989592433,0.0016677452949807048,0.001774044707417488,0.0018803440034389496,0.001986643299460411,0.0020929425954818726,0.002199241891503334,0.002305541420355439,0.0024118407163769007,0.002518140012398362,0.0026244393084198236,0.002730738837271929,0.0028370381332933903,0.0029433374293148518,0.0030496367253363132],"_type":"histogram"},"parameters/fc1.weight":{"values":[1,1,0,0,0,0,0,0,0,0,1,2,3,0,1,0,2,1,2,2,2,0,1,2,4,2,3,1,2,1,1,1,5,7,1,1,2,3,3,2,6,0,8,5,1,1,0,1,0,1,2,2,0,2,1,1,2,1,0,0,0,0,1,1],"bins":[-1.4507495164871216,-1.4068801403045654,-1.3630108833312988,-1.3191415071487427,-1.275272250175476,-1.23140287399292,-1.1875336170196533,-1.1436642408370972,-1.099794864654541,-1.0559256076812744,-1.0120563507080078,-0.9681869745254517,-0.9243175983428955,-0.8804482817649841,-0.8365789651870728,-0.7927096486091614,-0.74884033203125,-0.7049710154533386,-0.6611016988754272,-0.6172323822975159,-0.5733630657196045,-0.5294936895370483,-0.48562437295913696,-0.4417550563812256,-0.39788568019866943,-0.35401642322540283,-0.3101470470428467,-0.2662777900695801,-0.22240841388702393,-0.17853915691375732,-0.13466978073120117,-0.09080052375793457,-0.04693126678466797,-0.0030618906021118164,0.040807366371154785,0.08467674255371094,0.12854599952697754,0.1724153757095337,0.2162846326828003,0.26015400886535645,0.30402326583862305,0.3478926420211792,0.3917619585990906,0.43563127517700195,0.4795006513595581,0.5233699679374695,0.5672392845153809,0.6111086010932922,0.6549779176712036,0.698847234249115,0.7427165508270264,0.7865858674049377,0.8304551839828491,0.8743245601654053,0.9181938767433167,0.962063193321228,1.0059325695037842,1.0498018264770508,1.0936710834503174,1.1375404596328735,1.1814098358154297,1.2252790927886963,1.2691484689712524,1.313017725944519,1.3568871021270752],"_type":"histogram"},