{"acc":0.8645095563952233,"loss":0.17056366560775874,"_timestamp":1.7614879918373082e+09,"_step":7,"_wandb":{"runtime":2},"_runtime":2}