{"gradients/graph_2fc3.weight":{"bins":[-0.0015962203033268452,-0.0015692140441387892,-0.001542207901366055,-0.001515201642177999,-0.0014881954994052649,-0.0014611892402172089,-0.0014341830974444747,-0.0014071768382564187,-0.0013801706954836845,-0.0013531644362956285,-0.0013261582935228944,-0.0012991520343348384,-0.0012721458915621042,-0.0012451396323740482,-0.001218133489601314,-0.001191127230413258,-0.001164121087640524,-0.001137114828452468,-0.0011101086856797338,-0.0010831024264916778,-0.0010560962837189436,-0.0010290900245308876,-0.0010020837653428316,-0.0009750776225700974,-0.0009480714215897024,-0.0009210652206093073,-0.0008940590196289122,-0.0008670528186485171,-0.000840046617668122,-0.000813040416687727,-0.0007860342157073319,-0.0007590280147269368,-0.0007320218137465417,-0.0007050156127661467,-0.0006780094117857516,-0.0006510032108053565,-0.0006239970098249614,-0.0005969908088445663,-0.0005699846078641713,-0.0005429784068837762,-0.0005159722059033811,-0.000488966004922986,-0.00046195980394259095,-0.0004349536029621959,-0.0004079474019818008,-0.0003809412010014057,-0.0003539349709171802,-0.0003269287699367851,-0.00029992256895639,-0.00027291636797599494,-0.00024591016699559987,-0.0002189039660152048,-0.0001918977650348097,-0.00016489156405441463,-0.00013788536307401955,-0.00011087914754170924,-8.387294656131417e-05,-5.686674558091909e-05,-2.9860544600524008e-05,-2.8543436201289296e-06,2.4151864636223763e-05,5.115806561661884e-05,7.816427387297153e-05,0.00010517047485336661,0.0001321766758337617],"_type":"histogram","values":[1,0,0,0,0,0,0,0,0,0,0,0,0,0,0,0,0,0,0,0,0,0,0,0,0,0,0,0,0,0,0,0,0,0,0,0,0,0,0,0,1,0,0,0,0,0,0,1,1,0,0,0,0,1,0,0,2,0,0,0,0,0,0,1]},"test_recall":0.6479663394109397,"parameters/graph_2fc2.weight":{"values":[1,0,1,0,1,1,0,0,0,0,0,0,0,1,0,2,1,0,2,2,1,0,2,1,1,5,4,5,2,3,1,5,5,3,4,9,6,6,5,6,7,8,2,4,3,3,3,2,1,3,1,1,0,0,1,0,0,0,1,1,0,0,0,1],"bins":[-2.2590126991271973,-2.1928932666778564,-2.1267738342285156,-2.0606541633605957,-1.9945347309112549,-1.928415298461914,-1.8622958660125732,-1.7961764335632324,-1.730056881904602,-1.6639373302459717,-1.5978178977966309,-1.53169846534729,-1.4655790328979492,-1.3994594812393188,-1.333340048789978,-1.2672204971313477,-1.2011010646820068,-1.134981632232666,-1.0688620805740356,-1.0027426481246948,-0.9366230964660645,-0.8705036640167236,-0.8043842315673828,-0.7382646799087524,-0.6721452474594116,-0.6060258150100708,-0.5399062633514404,-0.4737868309020996,-0.4076673984527588,-0.3415478467941284,-0.2754284143447876,-0.20930886268615723,-0.1431896686553955,-0.07707023620605469,-0.010950684547424316,0.055168747901916504,0.12128829956054688,0.1874077320098877,0.2535271644592285,0.3196467161178589,0.3857661485671997,0.4518855810165405,0.5180051326751709,0.5841245651245117,0.6502439975738525,0.7163635492324829,0.7824829816818237,0.8486025333404541,0.9147219657897949,0.9808414578437805,1.0469609498977661,1.113080382347107,1.1791999340057373,1.2453193664550781,1.311438798904419,1.3775582313537598,1.4436777830123901,1.5097973346710205,1.5759167671203613,1.6420361995697021,1.708155632019043,1.7742751836776733,1.8403946161270142,1.9065141677856445,1.9726336002349854],"_type":"histogram"},"parameters/graph_2fc3.bias":{"_type":"histogram","values":[1],"bins":[0.016894182190299034,0.016894182190299034]},"train_accuracy":0.7381378692927484,"test_loss":0.5762336254119873,"gradients/graph_2fc3.bias":{"_type":"histogram","values":[1],"bins":[-0.00036140522570349276,-0.00036140522570349276]},"gradients/graph_2fc2.bias":{"values":[1,0,0,0,0,0,0,0,0,0,0,0,0,0,0,0,0,0,0,0,0,0,0,0,0,1,0,0,0,1,0,1,1,0,1,0,0,0,0,0,0,0,0,0,1,0,0,0,0,0,0,0,0,0,0,0,0,0,0,0,0,0,0,1],"bins":[-0.00047818408347666264,-0.00046549979015253484,-0.00045281549682840705,-0.00044013120350427926,-0.00042744691018015146,-0.00041476261685602367,-0.0004020783235318959,-0.0003893940302077681,-0.0003767097368836403,-0.0003640254435595125,-0.0003513411502353847,-0.0003386568569112569,-0.0003259725635871291,-0.0003132882702630013,-0.00030060397693887353,-0.00028791968361474574,-0.00027523539029061794,-0.00026255109696649015,-0.00024986680364236236,-0.00023718251031823456,-0.00022449821699410677,-0.00021181392366997898,-0.00019912963034585118,-0.0001864453370217234,-0.0001737610436975956,-0.0001610767503734678,-0.00014839245704934,-0.00013570816372521222,-0.00012302387040108442,-0.00011033957707695663,-9.765528375282884e-05,-8.497099042870104e-05,-7.228669710457325e-05,-5.9602403780445457e-05,-4.691811045631766e-05,-3.423381713218987e-05,-2.1549523808062077e-05,-8.865230483934283e-06,3.81906284019351e-06,1.6503356164321303e-05,2.9187649488449097e-05,4.187194281257689e-05,5.455623613670468e-05,6.724052946083248e-05,7.992482278496027e-05,9.260911610908806e-05,0.00010529340943321586,0.00011797770275734365,0.00013066199608147144,0.00014334628940559924,0.00015603058272972703,0.00016871487605385482,0.00018139916937798262,0.0001940834627021104,0.0002067677560262382,0.000219452049350366,0.0002321363426744938,0.0002448206359986216,0.0002575049293227494,0.00027018922264687717,0.00028287351597100496,0.00029555780929513276,0.00030824210261926055,0.00032092639594338834,0.00033361068926751614],"_type":"histogram"},"parameters/graph_2fc3.weight":{"values":[1,0,0,0,0,0,1,0,0,0,0,0,0,0,0,0,0,0,0,0,1,0,0,1,0,0,0,0,0,0,0,0,0,0,0,0,0,0,0,0,0,0,0,1,0,0,0,0,0,0,1,0,0,0,0,0,0,0,0,0,0,0,0,2],"bins":[-1.497283697128296,-1.451002597808838,-1.4047216176986694,-1.358440637588501,-1.312159538269043,-1.265878438949585,-1.2195974588394165,-1.173316478729248,-1.12703537940979,-1.080754280090332,-1.0344732999801636,-0.9881922602653503,-0.9419112205505371,-0.8956301808357239,-0.8493491411209106,-0.8030681014060974,-0.7567870616912842,-0.710506021976471,-0.6642249822616577,-0.6179439425468445,-0.5716629028320312,-0.525381863117218,-0.4791008234024048,-0.43281984329223633,-0.3865387439727783,-0.3402576446533203,-0.29397666454315186,-0.2476956844329834,-0.2014145851135254,-0.15513348579406738,-0.10885250568389893,-0.06257152557373047,-0.01629042625427246,0.029990673065185547,0.076271653175354,0.12255263328552246,0.16883373260498047,0.21511483192443848,0.26139581203460693,0.3076767921447754,0.3539578914642334,0.4002389907836914,0.44651997089385986,0.4928010106086731,0.5390820503234863,0.5853630900382996,0.6316441297531128,0.677925169467926,0.7242062091827393,0.7704872488975525,0.8167682886123657,0.863049328327179,0.9093303680419922,0.9556114077568054,1.0018924474716187,1.048173427581787,1.0944545269012451,1.1407356262207031,1.1870166063308716,1.23329758644104,1.279578685760498,1.325859785079956,1.3721407651901245,1.418421745300293,1.464702844619751],"_type":"histogram"},"parameters/graph_2fc1.bias":{"values":[1,0,0,0,0,0,0,0,0,0,1,0,0,0,1,0,0,0,0,1,0,0,0,1,0,3,0,0,1,0,0,0,0,0,0,0,0,0,0,0,0,0,0,2,0,1,0,1,0,0,0,0,1,0,0,0,0,1,0,0,0,0,0,1],